Hola hola Mundo Jr - Senior Project Development Manager ..., https://www.linkedin.com/in/hola-hola-mundo-jr-9a874318a
Adriana Chambliss - Owner and Director - Hola Mundo, LLC | LinkedIn, https://www.linkedin.com/in/adriana-chambliss-28a58851
Hola Mundo Jr - DePaul University - United States | LinkedIn, https://www.linkedin.com/in/hola-mundo-jr-a0a74318a
Hola Mundo 2nd - Boston Baptist College - San Francisco Bay Area ..., https://www.linkedin.com/in/hola-mundo-2nd-62aa6418b
Hola Mundo | LinkedIn, https://www.linkedin.com/company/hola-mundo
new guy - Th你好世界 こんにちは、世界 안녕하세요 ¡Hola, mundo Olá ..., https://www.linkedin.com/in/new-guy-a3bb1822
Nahomy Urvina - 3 - Hola Mundo | LinkedIn, https://www.linkedin.com/in/nahomy-urvina-746105162
Hola Mundo - Pamplona/Iruña, Navarra, España | Perfil profesional ..., https://es.linkedin.com/in/hola-mundo-6098b7142?trk=prof-samename-picture
Hola Mundo - Desarrollador de Sistemas Senior - Instituto de ..., https://www.linkedin.com/in/hola-mundo-289981110
Mercedes Adjelleh Hola Mundo Alemania – Leiter bei Hola Mundo ..., https://de.linkedin.com/in/mercedes-adjelleh-hola-mundo-alemania-38a4748a
